[
{
  "model": "todo.task",
  "pk": 1,
  "fields": {
    "created_at": "2023-12-22T19:44:05.220Z",
    "updated_at": "2023-12-22T19:44:05.221Z",
    "name": "Task1",
    "description": "Task1",
    "status": 1,
    "project": 1,
    "users_task": null
  }
},
{
  "model": "todo.task",
  "pk": 2,
  "fields": {
    "created_at": "2023-12-22T19:44:51.239Z",
    "updated_at": "2023-12-22T19:45:06.913Z",
    "name": "Task2",
    "description": "Task21",
    "status": 2,
    "project": 1,
    "users_task": null
  }
},
{
  "model": "todo.task",
  "pk": 3,
  "fields": {
    "created_at": "2023-12-22T22:39:36.450Z",
    "updated_at": "2023-12-22T22:39:36.450Z",
    "name": "Task3",
    "description": "Task31",
    "status": 2,
    "project": 1,
    "users_task": null
  }
},
{
  "model": "todo.task",
  "pk": 4,
  "fields": {
    "created_at": "2023-12-22T22:39:54.016Z",
    "updated_at": "2023-12-22T22:39:54.016Z",
    "name": "Task4",
    "description": "Task43",
    "status": 3,
    "project": 1,
    "users_task": null
  }
},
{
  "model": "todo.task",
  "pk": 5,
  "fields": {
    "created_at": "2023-12-22T22:40:06.056Z",
    "updated_at": "2023-12-22T22:40:06.056Z",
    "name": "Task5",
    "description": "Task56",
    "status": 1,
    "project": 1,
    "users_task": null
  }
},
{
  "model": "todo.task",
  "pk": 6,
  "fields": {
    "created_at": "2023-12-22T22:40:20.945Z",
    "updated_at": "2023-12-22T22:40:20.945Z",
    "name": "Task6",
    "description": "Task63",
    "status": 2,
    "project": 1,
    "users_task": null
  }
},
{
  "model": "todo.task",
  "pk": 7,
  "fields": {
    "created_at": "2023-12-22T22:40:40.176Z",
    "updated_at": "2023-12-22T22:40:40.176Z",
    "name": "Task7",
    "description": "Task76",
    "status": 1,
    "project": 1,
    "users_task": null
  }
},
{
  "model": "todo.task",
  "pk": 8,
  "fields": {
    "created_at": "2023-12-25T22:41:30.906Z",
    "updated_at": "2023-12-25T22:41:30.906Z",
    "name": "76576575765",
    "description": "8676576465",
    "status": 2,
    "project": 1,
    "users_task": null
  }
},
{
  "model": "todo.task",
  "pk": 10,
  "fields": {
    "created_at": "2023-12-26T02:45:44.406Z",
    "updated_at": "2023-12-26T02:45:44.406Z",
    "name": "9879879",
    "description": "lilijoijoij",
    "status": 1,
    "project": 3,
    "users_task": null
  }
},
{
  "model": "todo.task",
  "pk": 11,
  "fields": {
    "created_at": "2023-12-26T02:46:00.358Z",
    "updated_at": "2023-12-26T02:46:00.358Z",
    "name": "lujljlkj",
    "description": "ikhkhkhk",
    "status": 1,
    "project": 3,
    "users_task": null
  }
},
{
  "model": "todo.task",
  "pk": 13,
  "fields": {
    "created_at": "2023-12-26T03:04:53.268Z",
    "updated_at": "2023-12-26T03:36:06.172Z",
    "name": "kljlj",
    "description": "kjhkhjkj",
    "status": 1,
    "project": 8,
    "users_task": null
  }
},
{
  "model": "todo.task",
  "pk": 16,
  "fields": {
    "created_at": "2023-12-26T03:44:08.362Z",
    "updated_at": "2023-12-26T03:44:08.362Z",
    "name": "werwerw",
    "description": "werwerwerwe",
    "status": 1,
    "project": 7,
    "users_task": null
  }
},
{
  "model": "todo.task",
  "pk": 17,
  "fields": {
    "created_at": "2023-12-29T05:17:18.825Z",
    "updated_at": "2023-12-29T05:17:18.825Z",
    "name": "Test555",
    "description": "555",
    "status": 1,
    "project": 5,
    "users_task": null
  }
},
{
  "model": "todo.task",
  "pk": 18,
  "fields": {
    "created_at": "2024-01-09T07:36:32.293Z",
    "updated_at": "2024-01-09T07:36:32.293Z",
    "name": "Test",
    "description": "123123123",
    "status": 1,
    "project": 11,
    "users_task": null
  }
},
{
  "model": "todo.task",
  "pk": 19,
  "fields": {
    "created_at": "2024-01-09T08:08:43.268Z",
    "updated_at": "2024-01-09T08:08:43.268Z",
    "name": "Test",
    "description": "123123",
    "status": 1,
    "project": 11,
    "users_task": null
  }
},
{
  "model": "todo.status",
  "pk": 1,
  "fields": {
    "created_at": "2023-12-22T19:43:28.305Z",
    "updated_at": "2023-12-22T19:43:28.305Z",
    "status_name": "new"
  }
},
{
  "model": "todo.status",
  "pk": 2,
  "fields": {
    "created_at": "2023-12-22T19:43:30.570Z",
    "updated_at": "2023-12-22T19:43:30.570Z",
    "status_name": "in_progress"
  }
},
{
  "model": "todo.status",
  "pk": 3,
  "fields": {
    "created_at": "2023-12-22T19:43:33.371Z",
    "updated_at": "2023-12-22T19:43:33.371Z",
    "status_name": "done"
  }
},
{
  "model": "todo.type",
  "pk": 1,
  "fields": {
    "created_at": "2023-12-22T19:43:40.704Z",
    "updated_at": "2023-12-22T19:43:40.704Z",
    "type_name": "task"
  }
},
{
  "model": "todo.type",
  "pk": 2,
  "fields": {
    "created_at": "2023-12-22T19:43:43.004Z",
    "updated_at": "2023-12-22T19:43:43.004Z",
    "type_name": "bug"
  }
},
{
  "model": "todo.type",
  "pk": 3,
  "fields": {
    "created_at": "2023-12-22T19:43:45.063Z",
    "updated_at": "2023-12-22T19:43:45.063Z",
    "type_name": "enhancement"
  }
},
{
  "model": "todo.tasktype",
  "pk": 1,
  "fields": {
    "task": 1,
    "type": 1
  }
},
{
  "model": "todo.tasktype",
  "pk": 3,
  "fields": {
    "task": 2,
    "type": 2
  }
},
{
  "model": "todo.tasktype",
  "pk": 4,
  "fields": {
    "task": 3,
    "type": 3
  }
},
{
  "model": "todo.tasktype",
  "pk": 5,
  "fields": {
    "task": 4,
    "type": 3
  }
},
{
  "model": "todo.tasktype",
  "pk": 6,
  "fields": {
    "task": 5,
    "type": 1
  }
},
{
  "model": "todo.tasktype",
  "pk": 7,
  "fields": {
    "task": 6,
    "type": 2
  }
},
{
  "model": "todo.tasktype",
  "pk": 8,
  "fields": {
    "task": 7,
    "type": 1
  }
},
{
  "model": "todo.tasktype",
  "pk": 9,
  "fields": {
    "task": 8,
    "type": 3
  }
},
{
  "model": "todo.tasktype",
  "pk": 12,
  "fields": {
    "task": 10,
    "type": 3
  }
},
{
  "model": "todo.tasktype",
  "pk": 13,
  "fields": {
    "task": 11,
    "type": 2
  }
},
{
  "model": "todo.tasktype",
  "pk": 20,
  "fields": {
    "task": 13,
    "type": 2
  }
},
{
  "model": "todo.project",
  "pk": 1,
  "fields": {
    "project_name": "Проект1",
    "project_description": "Проект1",
    "start_project": "2023-12-24",
    "end_project": "2023-12-30",
    "users": null
  }
},
{
  "model": "todo.project",
  "pk": 3,
  "fields": {
    "project_name": "Проект3",
    "project_description": "Проект3",
    "start_project": "2023-12-25",
    "end_project": "2023-12-28",
    "users": null
  }
},
{
  "model": "todo.project",
  "pk": 5,
  "fields": {
    "project_name": "Проект5",
    "project_description": "Проект5",
    "start_project": "2023-12-25",
    "end_project": "2023-12-31",
    "users": null
  }
},
{
  "model": "todo.project",
  "pk": 6,
  "fields": {
    "project_name": "Проект6",
    "project_description": "Проект6",
    "start_project": "2023-12-25",
    "end_project": "2023-12-16",
    "users": null
  }
},
{
  "model": "todo.project",
  "pk": 7,
  "fields": {
    "project_name": "Проект7",
    "project_description": "Проект7",
    "start_project": "2023-12-25",
    "end_project": "2023-12-26",
    "users": null
  }
},
{
  "model": "todo.project",
  "pk": 8,
  "fields": {
    "project_name": "Project test3423",
    "project_description": "Project test",
    "start_project": "2023-12-25",
    "end_project": "2023-12-27",
    "users": null
  }
},
{
  "model": "todo.project",
  "pk": 9,
  "fields": {
    "project_name": "Project12",
    "project_description": "jgjhgjgjhg",
    "start_project": "2023-12-25",
    "end_project": "2023-12-26",
    "users": null
  }
},
{
  "model": "todo.project",
  "pk": 10,
  "fields": {
    "project_name": "Testttt",
    "project_description": "123123321",
    "start_project": "2024-08-01",
    "end_project": "2024-09-01",
    "users": 1
  }
},
{
  "model": "todo.project",
  "pk": 11,
  "fields": {
    "project_name": "User4 project",
    "project_description": "123123123",
    "start_project": "2024-01-08",
    "end_project": "2024-01-09",
    "users": 4
  }
},
{
  "model": "todo.project",
  "pk": 12,
  "fields": {
    "project_name": "Test1",
    "project_description": "123123",
    "start_project": "2024-01-09",
    "end_project": "2024-01-10",
    "users": 4
  }
}
]
